{"cameraMode":{"drawMode":0,"name":"Shaded","section":"Shading Mode"},"sceneLighting":true,"audioPlay":false,"sceneViewState":{"showFog":true,"showMaterialUpdate":false,"showSkybox":false,"showFlares":true,"showImageEffects":true,"showParticleSystems":true},"in2DMode":false,"pivot":{"x":0.022050857543945314,"y":2.8213601112365724,"z":0.7538158893585205},"rotation":{"x":-0.10743867605924607,"y":0.7148417830467224,"z":-0.11265568435192108,"w":-0.6817381381988525},"size":22.0,"orthographic":false}